model_id,dataset_name,dataset_short,algorithm_name,algorithm_short,patch_set,patch_size,ratio_variant,feature_set,feature_family,selection_group,selection_reason,source_feature_file_path,source_feature_file_path_resolved,source_linear_svm_model_path,source_linear_svm_model_path_resolved,model_file_path,model_fit_split,valid_used_for_model_selection,test_used_for_fit_or_selection,dataset3_used,detection_used,class_weight,hyperparameter_grid_name,search_strategy,cv_used,cv_folds,cv_scoring,valid_selection_metric,score_method,random_state,created_at,fit_status,fit_runtime_seconds,selected_params_json,best_cv_score,error_message,notes,feature_count_actual,train_row_count_actual,valid_row_count_actual,train_positive_count_actual,train_negative_count_actual,valid_positive_count_actual,valid_negative_count_actual,valid_accuracy,valid_precision,valid_recall,valid_specificity,valid_balanced_accuracy,valid_f1,valid_tp,valid_fp,valid_tn,valid_fn,positive_score_mean,negative_score_mean,score_separation_mean
d2_rf_001,dataset2_honeybee,d2,random_forest,rf,centered48_balanced,48,balanced,hsv_lbp_only,hsv_lbp_only,best_overall_reference,Dataset2 valid_f1 sıralamasında en iyi model. HOG kullanmadan sadece HSV + LBP ile güçlü renk/doku referansı sağlar.,data/features/dataset2_honeybee/centered48_balanced__hsv_lbp_only.parquet,data/features/dataset2_honeybee/centered48_balanced__hsv_lbp_only.parquet,outputs/models/dataset2_honeybee/01_linear_svm/models/d2_linsvm_007__centered48_balanced__hsv_lbp_only.joblib,outputs/models/dataset2_honeybee/01_linear_svm/models/d2_linsvm_007__centered48_balanced__hsv_lbp_only.joblib,outputs/models/dataset2_honeybee/03_selected_random_forest/models/d2_rf_001__centered48_balanced__hsv_lbp_only.joblib,train,True,False,False,False,None,random_forest_stage06_selected_v1_from_previous_rf_notebook,train_split_gridsearch_cv_then_valid_selection,True,3,f1,valid_f1,predict_proba_positive_class,42,2026-05-28 05:13:23,loaded_existing,0.0009729862213134766,,,,Existing model artifact found and OVERWRITE_MODELS=False.,,,,,,,,,,,,,,,,,,,,
d2_rf_002,dataset2_honeybee,d2,random_forest,rf,centered48_balanced,48,balanced,hog16_hsv_lbp,hog16_hsv_lbp,hog16_reference,48x48 balanced patch set üzerinde HOG16 + HSV + LBP'nin PCA'sız güçlü temsilcisi. HOG eklemenin etkisini karşılaştırmak için seçildi.,data/features/dataset2_honeybee/centered48_balanced__hog16_hsv_lbp.parquet,data/features/dataset2_honeybee/centered48_balanced__hog16_hsv_lbp.parquet,outputs/models/dataset2_honeybee/01_linear_svm/models/d2_linsvm_004__centered48_balanced__hog16_hsv_lbp.joblib,outputs/models/dataset2_honeybee/01_linear_svm/models/d2_linsvm_004__centered48_balanced__hog16_hsv_lbp.joblib,outputs/models/dataset2_honeybee/03_selected_random_forest/models/d2_rf_002__centered48_balanced__hog16_hsv_lbp.joblib,train,True,False,False,False,None,random_forest_stage06_selected_v1_from_previous_rf_notebook,train_split_gridsearch_cv_then_valid_selection,True,3,f1,valid_f1,predict_proba_positive_class,42,2026-05-28 05:13:23,loaded_existing,0.000690460205078125,,,,Existing model artifact found and OVERWRITE_MODELS=False.,,,,,,,,,,,,,,,,,,,,
d2_rf_003,dataset2_honeybee,d2,random_forest,rf,centered48_balanced,48,balanced,hog16_pca_hsv_lbp,hog16_pca_hsv_lbp,pca_comparison,d2_linsvm_004 modelinin PCA'lı karşılığı. 48x48 patch üzerinde HOG16 ailesinde PCA etkisini test etmek için seçildi.,data/features/dataset2_honeybee/centered48_balanced__hog16_pca_hsv_lbp.parquet,data/features/dataset2_honeybee/centered48_balanced__hog16_pca_hsv_lbp.parquet,outputs/models/dataset2_honeybee/01_linear_svm/models/d2_linsvm_011__centered48_balanced__hog16_pca_hsv_lbp.joblib,outputs/models/dataset2_honeybee/01_linear_svm/models/d2_linsvm_011__centered48_balanced__hog16_pca_hsv_lbp.joblib,outputs/models/dataset2_honeybee/03_selected_random_forest/models/d2_rf_003__centered48_balanced__hog16_pca_hsv_lbp.joblib,train,True,False,False,False,None,random_forest_stage06_selected_v1_from_previous_rf_notebook,train_split_gridsearch_cv_then_valid_selection,True,3,f1,valid_f1,predict_proba_positive_class,42,2026-05-28 05:13:23,loaded_existing,0.0006392002105712891,,,,Existing model artifact found and OVERWRITE_MODELS=False.,,,,,,,,,,,,,,,,,,,,
d2_rf_004,dataset2_honeybee,d2,random_forest,rf,centered64_balanced,64,balanced,hog16_hsv_lbp,hog16_hsv_lbp,patch_size_comparison,d2_linsvm_004 modelinin 64x64 patch karşılığı. Dataset2'de 48x48 ve 64x64 patch size etkisini karşılaştırmak için seçildi.,data/features/dataset2_honeybee/centered64_balanced__hog16_hsv_lbp.parquet,data/features/dataset2_honeybee/centered64_balanced__hog16_hsv_lbp.parquet,outputs/models/dataset2_honeybee/01_linear_svm/models/d2_linsvm_030__centered64_balanced__hog16_hsv_lbp.joblib,outputs/models/dataset2_honeybee/01_linear_svm/models/d2_linsvm_030__centered64_balanced__hog16_hsv_lbp.joblib,outputs/models/dataset2_honeybee/03_selected_random_forest/models/d2_rf_004__centered64_balanced__hog16_hsv_lbp.joblib,train,True,False,False,False,None,random_forest_stage06_selected_v1_from_previous_rf_notebook,train_split_gridsearch_cv_then_valid_selection,True,3,f1,valid_f1,predict_proba_positive_class,42,2026-05-28 05:13:23,loaded_existing,0.0005872249603271484,,,,Existing model artifact found and OVERWRITE_MODELS=False.,,,,,,,,,,,,,,,,,,,,
d2_rf_005,dataset2_honeybee,d2,random_forest,rf,centered64_balanced,64,balanced,hog16_pca_hsv_lbp,hog16_pca_hsv_lbp,patch_size_and_pca_comparison,d2_linsvm_030 modelinin PCA'lı karşılığı. 64x64 patchlerde PCA etkisini görmek için seçildi.,data/features/dataset2_honeybee/centered64_balanced__hog16_pca_hsv_lbp.parquet,data/features/dataset2_honeybee/centered64_balanced__hog16_pca_hsv_lbp.parquet,outputs/models/dataset2_honeybee/01_linear_svm/models/d2_linsvm_037__centered64_balanced__hog16_pca_hsv_lbp.joblib,outputs/models/dataset2_honeybee/01_linear_svm/models/d2_linsvm_037__centered64_balanced__hog16_pca_hsv_lbp.joblib,outputs/models/dataset2_honeybee/03_selected_random_forest/models/d2_rf_005__centered64_balanced__hog16_pca_hsv_lbp.joblib,train,True,False,False,False,None,random_forest_stage06_selected_v1_from_previous_rf_notebook,train_split_gridsearch_cv_then_valid_selection,True,3,f1,valid_f1,predict_proba_positive_class,42,2026-05-28 05:13:23,loaded_existing,0.0005695819854736328,,,,Existing model artifact found and OVERWRITE_MODELS=False.,,,,,,,,,,,,,,,,,,,,
d2_rf_006,dataset2_honeybee,d2,random_forest,rf,centered48_neg4x,48,neg4x,hog16_hsv_lbp,hog16_hsv_lbp,neg4x_comparison,"d2_linsvm_004 modelinin neg4x karşılığı. En iyi neg4x model olduğu için değil, balanced-neg4x etkisini kontrollü karşılaştırmak için seçildi.",data/features/dataset2_honeybee/centered48_neg4x__hog16_hsv_lbp.parquet,data/features/dataset2_honeybee/centered48_neg4x__hog16_hsv_lbp.parquet,outputs/models/dataset2_honeybee/01_linear_svm/models/d2_linsvm_017__centered48_neg4x__hog16_hsv_lbp.joblib,outputs/models/dataset2_honeybee/01_linear_svm/models/d2_linsvm_017__centered48_neg4x__hog16_hsv_lbp.joblib,outputs/models/dataset2_honeybee/03_selected_random_forest/models/d2_rf_006__centered48_neg4x__hog16_hsv_lbp.joblib,train,True,False,False,False,None,random_forest_stage06_selected_v1_from_previous_rf_notebook,train_split_gridsearch_cv_then_valid_selection,True,3,f1,valid_f1,predict_proba_positive_class,42,2026-05-28 05:13:23,loaded_existing,0.0005307197570800781,,,,Existing model artifact found and OVERWRITE_MODELS=False.,,,,,,,,,,,,,,,,,,,,
d2_rf_007,dataset2_honeybee,d2,random_forest,rf,centered48_neg4x,48,neg4x,hog16_pca_hsv_lbp,hog16_pca_hsv_lbp,neg4x_pca_comparison,d2_linsvm_017 modelinin PCA'lı neg4x karşılığı. Balanced-neg4x ve PCA etkisini aynı feature ailesi içinde karşılaştırmak için seçildi.,data/features/dataset2_honeybee/centered48_neg4x__hog16_pca_hsv_lbp.parquet,data/features/dataset2_honeybee/centered48_neg4x__hog16_pca_hsv_lbp.parquet,outputs/models/dataset2_honeybee/01_linear_svm/models/d2_linsvm_024__centered48_neg4x__hog16_pca_hsv_lbp.joblib,outputs/models/dataset2_honeybee/01_linear_svm/models/d2_linsvm_024__centered48_neg4x__hog16_pca_hsv_lbp.joblib,outputs/models/dataset2_honeybee/03_selected_random_forest/models/d2_rf_007__centered48_neg4x__hog16_pca_hsv_lbp.joblib,train,True,False,False,False,None,random_forest_stage06_selected_v1_from_previous_rf_notebook,train_split_gridsearch_cv_then_valid_selection,True,3,f1,valid_f1,predict_proba_positive_class,42,2026-05-28 05:13:23,trained,7116.503650188446,"{""model__max_depth"": 20, ""model__min_samples_leaf"": 1, ""model__n_estimators"": 300}",0.6539285241261371,,Model trained on train split and evaluated on valid split. Test split was not used.,103.0,46055.0,2850.0,9211.0,36844.0,570.0,2280.0,0.9185964912280702,0.9246231155778895,0.6456140350877193,0.9868421052631579,0.8162280701754385,0.7603305785123967,368.0,30.0,2250.0,202.0,0.5904676387840444,0.09285184202728142,0.497615796756763
d2_rf_008,dataset2_honeybee,d2,random_forest,rf,centered48_balanced,48,balanced,hog8_hsv_lbp,hog8_hsv_lbp,hog8_non_pca_representation,HOG8'in PCA'sız temsilcisi. Dataset2'de HOG8 ailesini HOG16 ve HSV+LBP-only ile karşılaştırmak için seçildi.,data/features/dataset2_honeybee/centered48_balanced__hog8_hsv_lbp.parquet,data/features/dataset2_honeybee/centered48_balanced__hog8_hsv_lbp.parquet,outputs/models/dataset2_honeybee/01_linear_svm/models/d2_linsvm_001__centered48_balanced__hog8_hsv_lbp.joblib,outputs/models/dataset2_honeybee/01_linear_svm/models/d2_linsvm_001__centered48_balanced__hog8_hsv_lbp.joblib,outputs/models/dataset2_honeybee/03_selected_random_forest/models/d2_rf_008__centered48_balanced__hog8_hsv_lbp.joblib,train,True,False,False,False,None,random_forest_stage06_selected_v1_from_previous_rf_notebook,train_split_gridsearch_cv_then_valid_selection,True,3,f1,valid_f1,predict_proba_positive_class,42,2026-05-28 07:11:59,trained,11186.845898628235,"{""model__max_depth"": null, ""model__min_samples_leaf"": 1, ""model__n_estimators"": 500}",0.8138821045450704,,Model trained on train split and evaluated on valid split. Test split was not used.,942.0,18422.0,1140.0,9211.0,9211.0,570.0,570.0,0.8859649122807017,0.9,0.868421052631579,0.9035087719298246,0.8859649122807018,0.8839285714285714,495.0,55.0,515.0,75.0,0.6918912280701756,0.24961754385964915,0.4422736842105264
d2_rf_009,dataset2_honeybee,d2,random_forest,rf,centered48_balanced,48,balanced,hog8_pca_hsv_lbp,hog8_pca_hsv_lbp,hog8_pca_representation,HOG8'in PCA'lı temsilcisi. d2_linsvm_001 ile HOG8 içinde PCA etkisini karşılaştırmak için seçildi.,data/features/dataset2_honeybee/centered48_balanced__hog8_pca_hsv_lbp.parquet,data/features/dataset2_honeybee/centered48_balanced__hog8_pca_hsv_lbp.parquet,outputs/models/dataset2_honeybee/01_linear_svm/models/d2_linsvm_008__centered48_balanced__hog8_pca_hsv_lbp.joblib,outputs/models/dataset2_honeybee/01_linear_svm/models/d2_linsvm_008__centered48_balanced__hog8_pca_hsv_lbp.joblib,outputs/models/dataset2_honeybee/03_selected_random_forest/models/d2_rf_009__centered48_balanced__hog8_pca_hsv_lbp.joblib,train,True,False,False,False,None,random_forest_stage06_selected_v1_from_previous_rf_notebook,train_split_gridsearch_cv_then_valid_selection,True,3,f1,valid_f1,predict_proba_positive_class,42,2026-05-28 10:18:27,trained,6444.219830036163,"{""model__max_depth"": 40, ""model__min_samples_leaf"": 2, ""model__n_estimators"": 500}",0.8253293638535166,,Model trained on train split and evaluated on valid split. Test split was not used.,314.0,18422.0,1140.0,9211.0,9211.0,570.0,570.0,0.8780701754385964,0.9043151969981238,0.8456140350877193,0.9105263157894737,0.8780701754385964,0.8739800543970988,482.0,51.0,519.0,88.0,0.7224676376710139,0.21599712354717104,0.5064705141238428
